Word,IPA Transcription
dog,D AO1 G
dog,D AO1 G
cat,K AE1 T
computer,K AH0 M P Y UW1 T ER0
apple,AE1 P AH0 L
book,B UH1 K
science,S AY1 AH0 N S
technology,T EH0 K N AA1 L AH0 JH IY0
language,L AE1 NG G W AH0 JH
keyboard,K IY1 B AO2 R D
tree,T R IY1
house,HH AW1 S
car,K AA1 R
phone,F OW1 N
music,M Y UW1 Z IH0 K
student,S T UW1 D AH0 N T
teacher,T IY1 CH ER0
ball,B AO1 L
game,G EY1 M
friend,F R EH1 N D
family,F AE1 M AH0 L IY0
school,S K UW1 L
city,S IH1 T IY0
country,K AH1 N T R IY0
mountain,M AW1 N T AH0 N
river,R IH1 V ER0
ocean,OW1 SH AH0 N
earth,ER1 TH
sun,S AH1 N
moon,M UW1 N
star,S T AA1 R
cloud,K L AW1 D
sky,S K AY1
food,F UW1 D
drink,D R IH1 NG K
water,W AO1 T ER0
animal,AE1 N AH0 M AH0 L
bird,B ER1 D
fish,F IH1 SH
alphabetical,AE2 L F AH0 B EH1 T IH0 K AH0 L
dog,D AO1 G
dog,D AO1 G
dog,D AO1 G
cat,K AE1 T
computer,K AH0 M P Y UW1 T ER0
apple,AE1 P AH0 L
book,B UH1 K
science,S AY1 AH0 N S
technology,T EH0 K N AA1 L AH0 JH IY0
language,L AE1 NG G W AH0 JH
keyboard,K IY1 B AO2 R D
tree,T R IY1
house,HH AW1 S
car,K AA1 R
phone,F OW1 N
music,M Y UW1 Z IH0 K
student,S T UW1 D AH0 N T
teacher,T IY1 CH ER0
ball,B AO1 L
game,G EY1 M
friend,F R EH1 N D
family,F AE1 M AH0 L IY0
school,S K UW1 L
city,S IH1 T IY0
country,K AH1 N T R IY0
mountain,M AW1 N T AH0 N
river,R IH1 V ER0
ocean,OW1 SH AH0 N
earth,ER1 TH
sun,S AH1 N
moon,M UW1 N
star,S T AA1 R
cloud,K L AW1 D
sky,S K AY1
food,F UW1 D
drink,D R IH1 NG K
water,W AO1 T ER0
animal,AE1 N AH0 M AH0 L
bird,B ER1 D
fish,F IH1 SH
rat,R AE1 T
rat,R AE1 T
dog,D AO1 G
dog,D AO1 G
dog,d AO1 g
dog,d AO1 g
cat,k AE1 t
cat,k AE1 t
dog,d AO1 g
dog,d ɔ g
man,m æ n
alphabetical,æ l f ʌ b ɛ t ɪ k ʌ l
dog,d ɔ g
cat,k æ t
computer,k ʌ m p j u t ɜr
apple,æ p ʌ l
book,b ʊ k
science,s aɪ ʌ n s
technology,t ɛ k n ɑ l ʌ ʤ i
language,l æ ŋ g w ʌ ʤ
keyboard,k i b ɔ r d
tree,t r i
house,h aʊ s
car,k ɑ r
phone,f oʊ n
music,m j u z ɪ k
student,s t u d ʌ n t
teacher,t i ʧ ɜr
ball,b ɔ l
game,g eɪ m
friend,f r ɛ n d
family,f æ m ʌ l i
school,s k u l
city,s ɪ t i
country,k ʌ n t r i
mountain,m aʊ n t ʌ n
river,r ɪ v ɜr
ocean,oʊ ʃ ʌ n
earth,ɜr θ
sun,s ʌ n
moon,m u n
star,s t ɑ r
cloud,k l aʊ d
sky,s k aɪ
food,f u d
drink,d r ɪ ŋ k
water,w ɔ t ɜr
animal,æ n ʌ m ʌ l
bird,b ɜr d
fish,f ɪ ʃ
dog,d ɔ g
cat,k æ t
computer,k ʌ m p j u t ɜr
apple,æ p ʌ l
book,b ʊ k
science,s aɪ ʌ n s
technology,t ɛ k n ɑ l ʌ ʤ i
language,l æ ŋ g w ʌ ʤ
keyboard,k i b ɔ r d
tree,t r i
house,h aʊ s
car,k ɑ r
phone,f oʊ n
music,m j u z ɪ k
student,s t u d ʌ n t
teacher,t i ʧ ɜr
ball,b ɔ l
game,g eɪ m
friend,f r ɛ n d
family,f æ m ʌ l i
school,s k u l
city,s ɪ t i
country,k ʌ n t r i
mountain,m aʊ n t ʌ n
river,r ɪ v ɜr
ocean,oʊ ʃ ʌ n
earth,ɜr θ
sun,s ʌ n
moon,m u n
star,s t ɑ r
cloud,k l aʊ d
sky,s k aɪ
food,f u d
drink,d r ɪ ŋ k
water,w ɔ t ɜr
animal,æ n ʌ m ʌ l
bird,b ɜr d
fish,f ɪ ʃ
dog,d ɔ g
cat,k æ t
computer,k ʌ m p j u t ɜr
apple,æ p ʌ l
book,b ʊ k
science,s aɪ ʌ n s
technology,t ɛ k n ɑ l ʌ ʤ i
language,l æ ŋ g w ʌ ʤ
keyboard,k i b ɔ r d
tree,t r i
house,h aʊ s
car,k ɑ r
phone,f oʊ n
music,m j u z ɪ k
student,s t u d ʌ n t
teacher,t i ʧ ɜr
ball,b ɔ l
game,g eɪ m
friend,f r ɛ n d
family,f æ m ʌ l i
school,s k u l
city,s ɪ t i
country,k ʌ n t r i
mountain,m aʊ n t ʌ n
river,r ɪ v ɜr
ocean,oʊ ʃ ʌ n
earth,ɜr θ
sun,s ʌ n
moon,m u n
star,s t ɑ r
cloud,k l aʊ d
sky,s k aɪ
food,f u d
drink,d r ɪ ŋ k
water,w ɔ t ɜr
animal,æ n ʌ m ʌ l
bird,b ɜr d
fish,f ɪ ʃ
hamburger,h æ m b ɜr g ɜr
cat,k æ t
dog,d ɔ g
dog,d ɔ g
ffff,IPA transcription not found.
ffff,IPA transcription not found.
dog,d ɔ g
lady,l eɪ d i
